{
  "ancestors": [
    "android.widget.FrameLayout",
    "android.view.ViewGroup",
    "android.view.View",
    "java.lang.Object"
  ],
  "class": "com.android.internal.policy.PhoneWindow$DecorView",
  "bounds": [
    0,
    0,
    1440,
    2560
  ],
  "clickable": false,
  "children": [
    {
      "resource-id": "de.wetteronline.wetterapp:id/nav_view",
      "children": [
        {
          "ancestors": [
            "android.widget.ImageView",
            "android.view.View",
            "java.lang.Object"
          ],
          "resource-id": "de.wetteronline.wetterapp:id/nav_header_img_bg",
          "clickable": false,
          "class": "android.support.v7.widget.AppCompatImageView",
          "bounds": [
            0,
            0,
            980,
            476
          ],
          "componentLabel": "Image"
        },
        {
          "resource-id": "de.wetteronline.wetterapp:id/menu_ll_login",
          "ancestors": [
            "android.view.ViewGroup",
            "android.view.View",
            "java.lang.Object"
          ],
          "clickable": true,
          "class": "android.widget.LinearLayout",
          "bounds": [
            0,
            1187,
            980,
            1341
          ],
          "componentLabel": "Text Button",
          "textButtonClass": "premium"
        },
        {
          "resource-id": "de.wetteronline.wetterapp:id/menu_ll_like",
          "ancestors": [
            "android.view.ViewGroup",
            "android.view.View",
            "java.lang.Object"
          ],
          "clickable": true,
          "class": "android.widget.LinearLayout",
          "bounds": [
            0,
            1495,
            980,
            1649
          ],
          "componentLabel": "Text Button",
          "textButtonClass": "about"
        },
        {
          "resource-id": "de.wetteronline.wetterapp:id/menu_ll_about",
          "ancestors": [
            "android.view.ViewGroup",
            "android.view.View",
            "java.lang.Object"
          ],
          "clickable": true,
          "class": "android.widget.LinearLayout",
          "bounds": [
            0,
            1649,
            980,
            1803
          ],
          "componentLabel": "Text Button",
          "textButtonClass": "contact"
        },
        {
          "ancestors": [
            "android.widget.ImageView",
            "android.view.View",
            "java.lang.Object"
          ],
          "resource-id": "de.wetteronline.wetterapp:id/menu_img_icon",
          "clickable": false,
          "class": "android.support.v7.widget.AppCompatImageView",
          "bounds": [
            0,
            518,
            140,
            658
          ],
          "componentLabel": "Image"
        },
        {
          "text": "My Locations",
          "resource-id": "de.wetteronline.wetterapp:id/menu_txt_label",
          "ancestors": [
            "android.widget.TextView",
            "android.view.View",
            "java.lang.Object"
          ],
          "clickable": false,
          "class": "android.support.v7.widget.AppCompatTextView",
          "bounds": [
            175,
            511,
            980,
            665
          ],
          "componentLabel": "Text"
        },
        {
          "ancestors": [
            "android.widget.ImageView",
            "android.view.View",
            "java.lang.Object"
          ],
          "resource-id": "de.wetteronline.wetterapp:id/menu_img_icon",
          "clickable": false,
          "class": "android.support.v7.widget.AppCompatImageView",
          "bounds": [
            0,
            672,
            140,
            812
          ],
          "componentLabel": "Image"
        },
        {
          "text": "Weather",
          "resource-id": "de.wetteronline.wetterapp:id/menu_txt_label",
          "ancestors": [
            "android.widget.TextView",
            "android.view.View",
            "java.lang.Object"
          ],
          "clickable": false,
          "class": "android.support.v7.widget.AppCompatTextView",
          "bounds": [
            175,
            665,
            980,
            819
          ],
          "componentLabel": "Text"
        },
        {
          "iconClass": "close",
          "ancestors": [
            "android.widget.ImageView",
            "android.view.View",
            "java.lang.Object"
          ],
          "resource-id": "de.wetteronline.wetterapp:id/menu_img_icon",
          "clickable": false,
          "class": "android.support.v7.widget.AppCompatImageView",
          "bounds": [
            0,
            826,
            140,
            966
          ],
          "componentLabel": "Icon"
        },
        {
          "text": "Weather Radar",
          "resource-id": "de.wetteronline.wetterapp:id/menu_txt_label",
          "ancestors": [
            "android.widget.TextView",
            "android.view.View",
            "java.lang.Object"
          ],
          "clickable": false,
          "class": "android.support.v7.widget.AppCompatTextView",
          "bounds": [
            175,
            819,
            980,
            973
          ],
          "componentLabel": "Text"
        },
        {
          "ancestors": [
            "android.widget.ImageView",
            "android.view.View",
            "java.lang.Object"
          ],
          "resource-id": "de.wetteronline.wetterapp:id/menu_img_icon",
          "clickable": false,
          "class": "android.support.v7.widget.AppCompatImageView",
          "bounds": [
            0,
            980,
            140,
            1120
          ],
          "componentLabel": "Image"
        },
        {
          "text": "Photo",
          "resource-id": "de.wetteronline.wetterapp:id/menu_txt_label",
          "ancestors": [
            "android.widget.TextView",
            "android.view.View",
            "java.lang.Object"
          ],
          "clickable": false,
          "class": "android.support.v7.widget.AppCompatTextView",
          "bounds": [
            175,
            973,
            980,
            1127
          ],
          "componentLabel": "Text"
        },
        {
          "ancestors": [
            "android.widget.ImageView",
            "android.view.View",
            "java.lang.Object"
          ],
          "resource-id": "de.wetteronline.wetterapp:id/menu_img_icon",
          "clickable": false,
          "class": "android.support.v7.widget.AppCompatImageView",
          "bounds": [
            0,
            1348,
            140,
            1488
          ],
          "componentLabel": "Image"
        },
        {
          "text": "Info & Settings",
          "resource-id": "de.wetteronline.wetterapp:id/menu_txt_label",
          "ancestors": [
            "android.widget.TextView",
            "android.view.View",
            "java.lang.Object"
          ],
          "clickable": false,
          "class": "android.support.v7.widget.AppCompatTextView",
          "bounds": [
            175,
            1341,
            980,
            1495
          ],
          "componentLabel": "Text"
        },
        {
          "ancestors": [
            "android.widget.ImageView",
            "android.view.View",
            "java.lang.Object"
          ],
          "resource-id": "de.wetteronline.wetterapp:id/menu_img_icon",
          "clickable": false,
          "class": "android.support.v7.widget.AppCompatImageView",
          "bounds": [
            0,
            1870,
            140,
            2010
          ],
          "componentLabel": "Image"
        },
        {
          "text": "Weather&Radar Pro",
          "resource-id": "de.wetteronline.wetterapp:id/menu_txt_label",
          "ancestors": [
            "android.widget.TextView",
            "android.view.View",
            "java.lang.Object"
          ],
          "clickable": false,
          "class": "android.support.v7.widget.AppCompatTextView",
          "bounds": [
            175,
            1863,
            980,
            2017
          ],
          "componentLabel": "Text"
        }
      ],
      "ancestors": [
        "android.support.design.internal.ScrimInsetsFrameLayout",
        "android.widget.FrameLayout",
        "android.view.ViewGroup",
        "android.view.View",
        "java.lang.Object"
      ],
      "clickable": false,
      "class": "android.support.design.widget.NavigationView",
      "bounds": [
        0,
        0,
        980,
        2392
      ],
      "componentLabel": "Drawer"
    },
    {
      "resource-id": "de.wetteronline.wetterapp:id/toolbar",
      "children": [
        {
          "iconClass": "menu",
          "ancestors": [
            "android.widget.ImageView",
            "android.view.View",
            "java.lang.Object"
          ],
          "bounds": [
            0,
            84,
            196,
            280
          ],
          "clickable": true,
          "class": "android.widget.ImageButton",
          "componentLabel": "Icon"
        },
        {
          "ancestors": [
            "android.view.View",
            "java.lang.Object"
          ],
          "resource-id": "de.wetteronline.wetterapp:id/actionbar_cv_img_app_name",
          "clickable": false,
          "class": "android.widget.ImageView",
          "bounds": [
            196,
            129,
            764,
            234
          ],
          "componentLabel": "Image"
        }
      ],
      "ancestors": [
        "android.view.ViewGroup",
        "android.view.View",
        "java.lang.Object"
      ],
      "clickable": false,
      "class": "android.support.v7.widget.Toolbar",
      "bounds": [
        0,
        84,
        1440,
        280
      ],
      "componentLabel": "Toolbar"
    },
    {
      "ancestors": [
        "android.view.ViewGroup",
        "android.view.View",
        "java.lang.Object"
      ],
      "class": "com.google.android.gms.ads.doubleclick.PublisherAdView",
      "bounds": [
        0,
        2217,
        1440,
        2392
      ],
      "clickable": false,
      "children": [
        {
          "ancestors": [
            "android.widget.FrameLayout",
            "android.view.ViewGroup",
            "android.view.View",
            "java.lang.Object"
          ],
          "class": "com.google.android.gms.ads.internal.webview.n",
          "bounds": [
            0,
            2217,
            1440,
            2392
          ],
          "clickable": false,
          "children": [
            {
              "ancestors": [
                "android.webkit.WebView",
                "android.widget.AbsoluteLayout",
                "android.view.ViewGroup",
                "android.view.View",
                "java.lang.Object"
              ],
              "bounds": [
                0,
                2217,
                1440,
                2392
              ],
              "clickable": true,
              "class": "com.google.android.gms.ads.internal.webview.o",
              "componentLabel": "Web View"
            }
          ],
          "componentLabel": "Web View"
        }
      ],
      "componentLabel": "Advertisement"
    },
    {
      "ancestors": [
        "android.view.SurfaceView",
        "android.view.View",
        "java.lang.Object"
      ],
      "resource-id": "de.wetteronline.wetterapp:id/mapsView",
      "clickable": false,
      "class": "de.wetteronline.lib.wetterradar.customviews.MapView",
      "bounds": [
        0,
        280,
        1440,
        2217
      ],
      "componentLabel": "Map View"
    },
    {
      "text": "6:35 AM",
      "resource-id": "de.wetteronline.wetterapp:id/time_moveable",
      "ancestors": [
        "android.widget.TextView",
        "android.view.View",
        "java.lang.Object"
      ],
      "clickable": false,
      "class": "de.wetteronline.lib.wetterradar.customviews.MoveableTimeTextView",
      "bounds": [
        623,
        1388,
        917,
        1689
      ],
      "componentLabel": "Text"
    }
  ]
}